{"cameraMode":{"drawMode":0,"name":"Shaded","section":"Shading Mode"},"sceneLighting":false,"audioPlay":false,"sceneViewState":{"m_AlwaysRefresh":false,"showFog":true,"showSkybox":false,"showFlares":true,"showImageEffects":true,"showParticleSystems":true,"showVisualEffectGraphs":true,"m_FxEnabled":true},"in2DMode":false,"pivot":{"x":-1.2443645000457764,"y":0.19362208247184754,"z":-0.07292371243238449},"rotation":{"x":-0.10434512794017792,"y":-0.616430938243866,"z":0.08317127823829651,"w":-0.7762199640274048},"size":0.6801871657371521,"orthographic":false}