{"cameraMode":{"drawMode":0,"name":"Shaded","section":"Shading Mode"},"sceneLighting":true,"audioPlay":false,"sceneViewState":{"m_AlwaysRefresh":false,"showFog":true,"showSkybox":true,"showFlares":true,"showImageEffects":true,"showParticleSystems":true,"showVisualEffectGraphs":true,"m_FxEnabled":true},"in2DMode":false,"pivot":{"x":17.6260986328125,"y":8.601934432983399,"z":14.89886474609375},"rotation":{"x":-0.0009924918413162232,"y":0.9745182394981384,"z":-0.22490455210208894,"w":-0.003832210088148713},"size":7.8634867668151859,"orthographic":false}