{"cameraMode":{"drawMode":0,"name":"Shaded","section":"Shading Mode"},"sceneLighting":true,"audioPlay":false,"sceneViewState":{"m_AlwaysRefresh":false,"showFog":true,"showSkybox":true,"showFlares":true,"showImageEffects":true,"showParticleSystems":true,"showVisualEffectGraphs":true,"m_FxEnabled":true},"in2DMode":false,"pivot":{"x":30.140663146972658,"y":2.5952024459838869,"z":-5.923628807067871},"rotation":{"x":0.03158828243613243,"y":0.7907397150993347,"z":0.007259135600179434,"w":0.6115276217460632},"size":5.248645305633545,"orthographic":false}